id,is_humor,humor_rating,humor_controversy,offense_rating
9001,1,2.53413,1,1.0093409
9002,0,1.6510481,0,0.7204226
9003,1,2.7527733,1,0.8341022
9004,1,2.0858102,0,0.4683631
9005,1,2.4556425,1,0.27140427
9006,1,2.5418634,0,0.032015357
9007,1,2.1093485,1,0
9008,1,1.9157736,1,0.2861805
9009,1,2.3857443,0,0.65957373
9010,1,2.4463198,0,1.7338196
9011,1,1.9613341,1,0.1301131
9012,0,1.8607963,0,0.99777085
9013,0,1.8737124,0,0
9014,0,1.6928809,0,0
9015,0,2.0732143,1,0.0914022
9016,1,2.503332,0,0.31944877
9017,1,2.7919033,1,1.8079528
9018,1,2.5803132,1,1.4023556
9019,0,1.668743,1,0.043788765
9020,0,1.5015182,1,0
9021,0,1.6365564,0,0.5970426
9022,0,1.4468385,0,0.009092518
9023,1,2.809959,1,0
9024,1,2.5330162,1,1.6140054
9025,0,1.6016873,0,0.68731517
9026,1,1.9685701,1,0.84602255
9027,0,2.0618172,0,0
9028,1,2.5603151,1,2.944686
9029,1,2.3190632,0,2.2993383
9030,1,2.3688314,0,0.13101628
9031,0,2.446847,1,0.097470336
9032,1,2.0175345,1,1.672671
9033,0,1.9301165,0,2.8520017
9034,0,2.6251616,1,0.08560884
9035,1,2.5343273,0,0.02040627
9036,1,2.2365475,0,2.1073456
9037,1,2.6524353,1,1.3442699
9038,1,2.8603833,1,0.7607916
9039,1,2.750567,1,0.31026614
9040,1,2.085574,0,2.5105658
9041,0,1.6742502,0,0.7150553
9042,1,2.1796741,1,0.4724496
9043,1,2.070019,1,0.15740801
9044,0,1.4704393,0,0
9045,1,2.3064675,1,0.09875316
9046,1,2.5245311,0,0.3558077
9047,0,2.299793,0,0
9048,0,1.8549507,1,0
9049,0,2.2945197,1,0.09509469
9050,1,2.1377845,1,0.59609413
9051,1,2.5686333,1,0.25396675
9052,0,1.3849751,0,0
9053,1,2.1394272,0,0.3650168
9054,1,2.226226,1,0.6507308
9055,0,1.7981678,1,0.8796842
9056,1,2.0503993,1,0.17831817
9057,1,1.975069,0,1.5896655
9058,1,1.8037292,0,1.2162368
9059,1,2.2729213,1,0
9060,1,1.8815112,0,0.09424701
9061,1,1.9659696,1,0.3011094
9062,1,2.2693086,0,0.65238166
9063,1,2.4795458,0,0.08349631
9064,0,2.1462443,0,0.18021904
9065,1,1.7520337,1,3.3281662
9066,0,1.3013242,0,0.18037114
9067,0,2.3379114,0,0.19647059
9068,1,2.7092583,1,0.18318562
9069,0,1.3943173,0,0.03730439
9070,1,2.517721,1,0.5103602
9071,1,2.5308535,0,0.06504263
9072,0,1.525609,0,0.01682336
9073,0,1.9897351,1,0.21208298
9074,0,2.1782095,1,0.003842001
9075,0,1.9175587,0,0
9076,1,2.3537738,1,2.8225565
9077,1,3.0196493,0,0.23233517
9078,1,2.4496224,0,0.099334896
9079,1,1.9504131,0,2.287796
9080,1,2.7648957,1,0.37112004
9081,0,2.26955,0,0
9082,0,1.6586593,1,0.048191126
9083,1,2.3602161,1,1.6607741
9084,0,1.7274168,0,0.88806
9085,0,2.1592193,1,0.73486537
9086,1,1.7204924,0,0
9087,0,2.2219517,0,0.1199657
9088,0,1.5235906,0,0.72108155
9089,1,2.2290466,1,0.1412339
9090,0,1.5559393,1,0.9404406
9091,0,2.4448195,0,0
9092,1,2.3853602,1,1.0766704
9093,1,2.3966763,0,1.2857734
9094,0,2.4166942,0,0
9095,0,1.6304392,0,0.32586563
9096,1,1.4617407,1,3.3247235
9097,1,2.147216,1,0.37667406
9098,1,2.3600914,0,0.73583955
9099,1,2.177385,1,0.17016824
9100,0,1.7635782,0,0.03419087
9101,1,2.5704978,1,0.40518355
9102,0,1.7474473,1,0.23135588
9103,1,2.5199206,1,0.38654307
9104,1,2.5122619,1,2.5744019
9105,1,2.321087,0,0.22303788
9106,1,2.1267757,0,0.9386782
9107,1,2.854504,0,0
9108,1,2.5555568,0,0.97382814
9109,1,2.3702834,0,0
9110,1,2.217211,1,0.72039115
9111,0,1.6984124,0,0.13275985
9112,1,2.3721836,1,1.7008357
9113,1,2.403121,1,1.7228938
9114,1,2.4691489,1,0.63204616
9115,1,2.4476776,1,0.19835475
9116,0,1.7292534,0,0.21314108
9117,0,2.0475318,0,0.055201672
9118,0,1.8894235,0,2.5497947
9119,1,2.0360518,1,2.782086
9120,0,1.7993485,1,0.027770368
9121,1,2.6871293,1,0.22499737
9122,1,2.3682473,1,0.17892078
9123,0,1.283942,0,0
9124,1,2.39031,1,0.031545844
9125,1,2.2142844,1,0.5025947
9126,1,2.8712113,1,0.18171363
9127,0,1.897784,0,0
9128,0,1.7317647,0,0
9129,0,1.5866426,0,0
9130,1,1.6196381,0,1.3779064
9131,0,1.1348935,1,1.1528865
9132,0,2.3290842,0,0
9133,1,1.8513219,0,2.258882
9134,0,2.023015,0,0
9135,1,2.2228107,1,0.7452775
9136,0,1.6618569,0,0.49368685
9137,1,2.7284296,1,0.9680254
9138,0,1.443446,0,0.500325
9139,1,2.2321236,1,0
9140,1,1.9111991,0,0.96042204
9141,1,2.531446,0,0.08088431
9142,1,2.1518526,1,0.09092584
9143,0,1.9820737,0,0.5654896
9144,1,2.209567,1,0.12816657
9145,1,2.736891,1,0.051897556
9146,1,2.6648893,0,0.11111403
9147,1,2.3032465,0,1.0705106
9148,0,1.8416454,0,1.0034164
9149,0,1.6391107,0,2.1740005
9150,1,2.2121189,0,0
9151,0,2.243298,0,0.18003646
9152,1,2.559749,0,0.69897944
9153,1,2.249914,1,1.047215
9154,0,2.8254814,1,0.02162114
9155,1,1.5472348,0,3.4238198
9156,0,2.5328379,1,0.038721938
9157,0,1.8804343,0,0
9158,1,1.8844391,1,0.14137554
9159,1,2.5543597,0,0.06669948
9160,0,1.9996175,0,0.092598446
9161,0,2.3625996,0,0.10015052
9162,1,2.284803,0,1.3358572
9163,0,1.5283257,0,0.68817633
9164,1,1.9415802,1,2.9502406
9165,1,1.8084326,0,3.0397854
9166,0,1.781202,0,1.2148885
9167,1,2.0970035,0,0.724895
9168,0,1.5179615,1,0
9169,1,2.5330365,1,0.034570467
9170,0,1.7563883,1,1.2619036
9171,0,0.96922594,0,0
9172,1,2.4095178,1,2.1491184
9173,1,2.1564705,0,0
9174,0,1.6767806,0,0
9175,1,1.8559085,0,0.4276395
9176,1,2.031929,1,0.019699732
9177,1,2.2556226,1,0.04354078
9178,0,2.009512,0,0.03995401
9179,1,2.5732412,0,0
9180,1,2.3452775,1,1.0189942
9181,1,1.9231488,1,1.0161086
9182,1,2.1327474,1,2.2875817
9183,1,1.7464852,1,1.6323318
9184,1,2.6796067,1,0
9185,0,1.9542153,0,0.05615084
9186,1,1.8587718,1,0
9187,1,2.0051544,1,0.009019856
9188,1,2.4128506,0,0.60920554
9189,1,1.9611856,1,0.107874215
9190,0,1.7414048,1,0.09309105
9191,1,2.277342,1,0.9277034
9192,0,1.7781923,0,0.40998706
9193,0,1.659765,0,0
9194,1,1.9112514,1,0.71307486
9195,0,1.6668371,0,0.22926134
9196,0,1.597783,0,0.23912266
9197,1,2.5144904,1,0
9198,0,2.3233,0,0
9199,1,1.3591546,0,1.9295613
9200,1,1.2540587,1,1.3353193
9201,1,2.2542942,1,0.31891513
9202,0,2.3109944,1,0
9203,0,2.41328,0,0
9204,1,2.7662632,0,0.66480225
9205,1,1.9070963,1,1.5114228
9206,1,1.7879529,0,2.0310862
9207,1,2.4762158,1,0.57295144
9208,1,2.335396,1,0
9209,1,2.1988513,1,1.3412791
9210,1,2.8613634,1,0.108329594
9211,0,1.7992864,0,0.05004567
9212,0,1.4639827,0,0.18862668
9213,1,2.3128612,1,1.1692067
9214,1,2.0797765,0,1.65457
9215,0,2.2152274,0,0
9216,1,2.6101568,1,1.3818293
9217,1,2.0763905,0,0.10160919
9218,1,2.4251106,1,0.009925452
9219,1,2.219477,0,1.3630743
9220,1,2.1655774,1,0.9677083
9221,1,1.7620373,0,1.5865805
9222,1,2.0247498,1,1.4283502
9223,0,2.304872,0,0
9224,1,2.7633765,0,0.19124302
9225,1,2.616624,1,0.08682465
9226,1,1.604089,0,0.6438312
9227,1,2.2699635,0,0.090793826
9228,1,2.3473227,1,1.4701045
9229,0,1.6814595,1,0.49881023
9230,0,2.278978,0,0
9231,0,2.529994,0,0.010538598
9232,1,2.7018268,1,1.4975113
9233,1,2.585803,0,0.06217068
9234,1,2.3412836,1,0.019585444
9235,1,1.9531841,0,1.6447421
9236,1,1.8716197,1,0.90173745
9237,1,2.4504619,1,0.16272527
9238,0,1.9300742,0,0.030487103
9239,1,2.398634,1,1.5269815
9240,1,1.9561057,0,3.0120807
9241,0,1.9276558,0,0.9149671
9242,0,1.9498174,0,0.3649618
9243,1,2.1021278,1,2.384132
9244,1,1.8998004,0,2.322147
9245,1,2.706004,0,2.0357108
9246,0,2.23368,1,0
9247,0,1.716567,0,0.004772439
9248,1,1.6257491,1,3.8817043
9249,0,2.2582717,0,1.7185922
9250,1,2.0555675,1,0
9251,0,2.2081902,1,0.16364259
9252,1,2.5136395,1,1.3730484
9253,1,2.005953,0,2.0234535
9254,0,1.6216924,0,0.5075698
9255,1,2.2189507,1,0.76782405
9256,1,2.521249,0,0
9257,0,2.1356683,1,0.03473163
9258,0,1.6741004,0,0.7457834
9259,0,1.6280966,1,0
9260,0,1.8931644,1,0.11399972
9261,1,2.7008982,0,0
9262,0,1.7004609,0,0.296973
9263,0,1.7038666,0,0
9264,0,1.6787815,0,0.07046018
9265,1,2.2497876,0,1.8819319
9266,1,2.0988553,1,0.69336194
9267,1,2.15911,1,0.16936678
9268,1,1.9131665,1,0.034106098
9269,1,2.494649,1,0
9270,1,2.3390386,0,0
9271,0,2.075855,1,0.549116
9272,1,2.0969753,1,0.013895371
9273,0,1.9982562,1,0.24042583
9274,0,1.732133,0,0.24730322
9275,0,1.7092792,0,0.62296015
9276,1,2.3187664,1,0.08204515
9277,1,2.1059556,1,1.4524875
9278,0,1.5686325,0,0.34802628
9279,0,1.8679954,0,0
9280,1,2.4653363,1,0.20704138
9281,1,2.1608813,1,0.026214117
9282,1,2.3298874,1,0.262991
9283,1,1.5604037,0,3.5241685
9284,0,1.996857,0,0
9285,1,1.7209787,1,2.9882104
9286,0,2.5354726,0,0.0621423
9287,0,2.1460364,0,0
9288,0,2.2938077,0,0.13669871
9289,1,2.1494846,1,0.11200524
9290,1,2.4286997,1,0.001729668
9291,0,2.1822984,0,0
9292,0,1.9611691,1,0.047788784
9293,1,1.9281392,1,2.1139987
9294,1,1.9863648,1,2.052093
9295,1,2.5132449,1,0.41362196
9296,0,2.3478253,0,0.102221355
9297,0,1.7656457,1,0
9298,1,1.7084695,1,0.36376762
9299,0,2.0433173,0,0.002090336
9300,1,2.6659272,1,0.39621225
9301,1,2.5998693,1,0.12980297
9302,1,1.8354728,1,2.4954848
9303,0,2.0763257,0,0.037779532
9304,0,1.7337594,0,2.1912496
9305,0,2.0009038,1,0
9306,1,2.3485475,1,0.6873234
9307,1,1.408729,0,1.125996
9308,1,2.0078824,0,0
9309,0,1.3860176,0,0
9310,1,2.522415,0,0.031489223
9311,0,2.5460227,1,0
9312,0,2.4502437,0,0.85816246
9313,1,1.8662609,1,0.32344192
9314,0,2.3899763,0,1.5470146
9315,1,2.356643,1,0.030481158
9316,1,3.0084984,1,0.15476626
9317,1,2.5267835,1,0.086523
9318,0,1.9704512,1,0.8288174
9319,1,2.4621356,1,0.879407
9320,1,2.0604417,1,2.0026672
9321,1,2.4445984,1,0.8427811
9322,1,1.8510803,1,1.6524168
9323,1,2.9353855,1,0.05117011
9324,1,1.8629872,0,3.2565482
9325,1,2.342513,0,1.0056775
9326,1,2.4203718,1,0
9327,1,2.3766682,1,0.601656
9328,0,2.1485832,1,0.00854334
9329,1,1.9673606,1,2.363411
9330,1,1.9783821,0,0.9552726
9331,1,2.4104586,1,0.17081738
9332,1,2.2005289,0,0.44544193
9333,0,1.4297134,0,0
9334,1,1.6767528,0,0
9335,0,2.6452715,1,0.00633729
9336,1,2.1525438,0,0.6948382
9337,1,2.8870559,1,0.61731154
9338,0,2.5755146,1,0.14060882
9339,0,1.9015539,1,0.6672254
9340,1,2.239886,1,0.7251614
9341,0,1.9432042,0,0.12512651
9342,1,2.1942332,0,0.30848762
9343,0,1.9252348,0,0.004155201
9344,1,2.0487504,1,0.40332073
9345,1,1.7431,1,0.36356243
9346,1,2.2599561,1,0
9347,1,2.124258,0,2.2688284
9348,0,1.5275502,1,0.37130404
9349,1,2.3584435,1,0
9350,1,2.1826084,1,1.6556638
9351,0,2.0981631,0,1.3364903
9352,1,1.900243,1,0
9353,0,2.4457724,1,0.2336492
9354,0,1.6455607,0,0.50290185
9355,1,2.2065518,1,0
9356,0,1.607171,0,0
9357,1,2.3341923,0,1.3041503
9358,0,1.5448204,0,0.16789773
9359,1,2.6532576,1,0.31857273
9360,1,2.5195463,1,0.42815953
9361,0,2.6673577,0,0
9362,0,2.167176,0,0
9363,1,2.493548,1,1.0175217
9364,1,2.8739586,0,0.12983629
9365,1,2.2492478,1,2.1878946
9366,1,1.9874643,0,2.692265
9367,1,1.9676404,1,0.00660303
9368,1,2.4222765,1,0.13254409
9369,0,1.7274858,0,0.92577535
9370,1,2.144159,1,1.7508
9371,1,2.0455976,0,2.3786616
9372,0,1.7958285,0,0.06980433
9373,1,1.7530831,1,0.54986924
9374,0,2.6704273,0,0
9375,0,1.474061,0,0.35518858
9376,1,1.5038635,0,3.9699802
9377,1,2.3127909,0,1.8014338
9378,1,2.3583784,1,1.1901234
9379,1,2.0257335,0,1.9013407
9380,1,3.0611174,0,0.01822144
9381,0,2.0540717,1,0
9382,1,2.8760269,1,1.605872
9383,1,2.4743474,0,0.7438793
9384,1,2.6177576,1,0
9385,0,1.6617206,1,0.028718254
9386,1,2.100437,0,0
9387,0,1.7925569,1,0.060826447
9388,1,1.9348537,0,2.3889964
9389,1,2.4126198,0,1.1502377
9390,0,2.5785837,0,0
9391,0,1.437035,0,0.8315261
9392,1,2.3857932,1,0.042103406
9393,1,2.5012288,1,1.1741518
9394,1,2.2336473,1,0
9395,1,1.9274311,0,1.8614205
9396,1,1.571262,0,3.2088814
9397,1,2.2035217,1,0.23013718
9398,1,1.9330032,1,0.1341138
9399,1,2.5048594,0,0.06586441
9400,1,2.2411861,1,1.0686485
9401,1,1.7474118,0,2.2557998
9402,0,2.1820073,0,0
9403,1,2.0640562,1,0.8927772
9404,1,2.6114814,1,0.14168516
9405,0,1.8987678,0,0
9406,1,2.278584,0,0.013821212
9407,0,2.0378091,0,0.000479268
9408,1,2.2587857,1,1.6392308
9409,0,1.6359043,1,0.6676097
9410,0,1.3296633,0,0
9411,1,2.6041825,0,0
9412,0,1.9350127,0,1.2731631
9413,0,1.5137885,0,0.55276406
9414,1,2.5948665,1,1.6887764
9415,0,2.0503535,1,0
9416,1,2.469024,0,0.03550558
9417,0,2.4556992,0,0
9418,1,2.1686754,1,0.5428805
9419,0,2.530825,0,0
9420,1,2.1772637,1,1.9437053
9421,1,2.118806,1,1.6058179
9422,0,2.1395793,0,0.03934419
9423,0,2.021863,0,0.030955432
9424,0,1.2785096,0,0.5329161
9425,1,2.741564,1,0.5666354
9426,1,2.781983,1,0.18177977
9427,1,1.6047311,1,2.8905187
9428,0,1.7833589,0,0.70983803
9429,1,2.082569,0,1.7643284
9430,0,2.4812982,1,0
9431,0,2.2904072,0,0.057569522
9432,1,2.179078,1,0.5036821
9433,0,1.9825577,0,0
9434,1,2.1030803,1,0.38258174
9435,0,1.780823,0,0.003175424
9436,1,2.2409847,1,0.9419243
9437,0,2.4179258,0,0.018288633
9438,1,2.2377956,0,0.70844513
9439,1,2.169514,1,0.5594778
9440,1,2.4985573,1,1.3259593
9441,1,1.7694603,0,0.20817086
9442,1,2.0328865,0,1.5567096
9443,0,2.6962783,0,0
9444,1,2.2805004,1,1.1203498
9445,1,2.1760173,1,0.5119899
9446,0,2.1508656,0,0
9447,1,1.7671816,0,2.0758634
9448,1,2.2397506,1,1.0456283
9449,1,2.5398731,1,0.5357333
9450,1,2.2022526,0,2.5774446
9451,1,2.0496013,1,0
9452,0,1.8564411,0,0.12070813
9453,1,2.6148233,0,0.8270462
9454,0,2.7711558,0,0.0677327
9455,1,2.6212492,1,0.2970952
9456,1,2.7816193,0,0.1454472
9457,1,2.0992148,1,1.8455693
9458,0,1.5520103,0,1.0625901
9459,0,1.5952586,1,0.010998485
9460,1,2.1550448,1,2.49795
9461,0,2.0123518,1,1.1568046
9462,1,2.7409098,1,0
9463,0,1.7426609,0,0.98692197
9464,1,2.1952918,1,0.792141
9465,1,1.8301425,0,0.46829394
9466,1,2.7671325,1,0.05197318
9467,1,2.2844489,1,2.0078197
9468,0,1.8163388,0,0.05612541
9469,0,1.6405178,0,0.56794953
9470,1,2.1387556,1,0
9471,1,2.9073098,1,0
9472,0,1.7816803,0,0
9473,0,1.8544935,0,0.38829267
9474,0,1.5668131,0,0.43800956
9475,0,1.937163,1,0.053070348
9476,0,1.7345271,0,0
9477,1,2.0660424,1,0.111178696
9478,0,1.7658899,1,0
9479,0,2.2624824,0,0
9480,0,2.0061543,0,0
9481,0,2.4040465,0,0
9482,1,2.8703315,1,0.62409604
9483,1,2.4227052,1,0.14038503
9484,0,2.2794557,0,0.7523628
9485,1,2.1516123,0,0.75183296
9486,1,2.1592486,1,0.51367766
9487,0,2.0596962,0,0.12215538
9488,1,2.7680705,1,0.06877043
9489,1,2.1732213,1,0.44130576
9490,0,2.1967726,0,1.1776749
9491,1,2.4680104,0,0.18087918
9492,1,1.9546129,0,0.72179717
9493,1,2.594259,1,0.03666507
9494,0,2.554583,0,0
9495,1,1.9485615,1,2.6554487
9496,0,2.1718955,0,0
9497,1,2.1827207,1,1.038374
9498,0,1.7683394,0,0.04059911
9499,1,1.4750909,1,0.25601384
9500,0,2.0343628,0,0
9501,1,2.4817052,0,0
9502,0,2.6672125,0,0.08951462
9503,1,2.6864305,1,0.049425304
9504,1,2.7160246,1,0.36705655
9505,1,2.1946688,1,0.14777833
9506,1,1.8336265,0,2.8980637
9507,1,2.2792943,1,0.22269852
9508,0,1.3970318,0,0
9509,1,2.3199668,1,1.0491985
9510,0,1.9923683,1,0
9511,1,2.1555333,1,2.056523
9512,0,1.7195452,0,0.02218928
9513,0,1.635993,0,0.23843935
9514,1,2.5205076,1,0.5255105
9515,1,2.170832,1,0.27962145
9516,0,1.6379384,0,0.41305304
9517,1,2.5660143,0,0.033394728
9518,1,2.2461636,1,1.0479909
9519,0,1.7837337,1,0
9520,1,2.8728952,1,1.4002181
9521,1,1.622645,0,0.23306839
9522,0,1.4803305,0,0
9523,0,2.5737321,0,0
9524,1,2.6053536,1,0.80299646
9525,1,2.5377443,1,0
9526,1,2.0979493,0,1.5892442
9527,1,2.7440782,0,0.55696845
9528,0,1.7261896,0,1.1564654
9529,1,2.8971384,1,1.0545411
9530,1,2.0857394,0,2.117725
9531,1,2.2041433,0,0
9532,1,2.2345285,0,0.124809824
9533,0,1.7312938,0,0.29501784
9534,0,2.2016299,0,0
9535,1,1.9978975,1,0.57874185
9536,0,2.1185255,1,1.1588734
9537,1,1.9538364,0,1.6416821
9538,0,2.4291131,1,0.001143025
9539,1,2.3108418,1,0.7108993
9540,1,2.110361,1,2.4028423
9541,0,1.7335263,0,1.2141247
9542,1,2.743016,0,0
9543,0,2.0109193,0,0
9544,0,2.1756754,0,0
9545,1,2.4203527,1,0.36682707
9546,0,1.72462,0,0.37179065
9547,0,1.8726557,0,0.16629912
9548,0,1.7735091,0,1.716563
9549,0,2.4450116,0,0
9550,0,2.251604,1,0
9551,1,2.30276,1,0.72824204
9552,1,2.6272418,1,1.1755327
9553,1,2.038517,1,2.3812459
9554,1,2.540744,0,0.099721216
9555,0,1.6489989,0,0
9556,1,2.1916075,1,0.37658548
9557,1,1.8315332,1,3.030797
9558,1,2.5179393,1,0.17801411
9559,1,2.5130594,0,0.16187686
9560,0,1.6996279,0,0.048051897
9561,0,2.1918256,0,0.15917587
9562,0,1.7054349,0,0.011313458
9563,0,2.1581573,0,0.086972706
9564,0,2.1217942,0,0.01357608
9565,1,2.1524434,1,0
9566,1,2.0061324,0,1.3610928
9567,1,3.0353382,1,1.3761102
9568,0,1.4945966,0,0.49793577
9569,1,2.0936682,1,0
9570,0,1.9960879,0,0.2707619
9571,0,2.365163,0,0.050638895
9572,0,1.8580158,1,0.61792904
9573,1,1.7586046,1,0
9574,1,2.2137244,1,0
9575,1,2.0492723,1,0.21356905
9576,0,1.1734955,0,0
9577,1,2.2764473,1,1.4447418
9578,0,2.4676876,0,0.089326754
9579,1,2.6549761,1,0.4805819
9580,0,1.9918946,1,0.52971584
9581,0,2.550932,0,0.5763321
9582,0,1.9643102,0,0.77669483
9583,1,2.2846854,1,0
9584,1,2.1817586,1,0.79042387
9585,1,2.4734805,1,0.19406715
9586,0,1.4353606,0,0
9587,1,1.844345,1,0.5753981
9588,1,2.4409704,1,0.3381004
9589,0,1.8094468,0,0.018902825
9590,1,2.4213636,1,0.54141235
9591,1,2.1759691,1,1.2648827
9592,1,2.202071,0,0.5839754
9593,0,1.8629396,1,0
9594,1,1.9846371,0,0.49079925
9595,1,2.9090922,1,0.031708464
9596,0,2.237604,1,0
9597,1,2.6685739,0,0.9067371
9598,1,2.301661,1,0.4222854
9599,1,2.1370704,0,0.7378114
9600,1,2.3073847,1,0
9601,0,1.6687607,0,0.258345
9602,1,2.209604,1,2.4910667
9603,1,2.6989923,1,0.22638445
9604,1,2.6884978,1,0
9605,1,2.708759,1,0
9606,1,2.4435313,1,0.13009396
9607,0,1.9156162,1,0
9608,1,2.0723464,1,0.244176
9609,1,2.0861018,0,1.4816412
9610,1,2.3545818,1,0.3828538
9611,0,2.021275,1,0.65912396
9612,1,2.526083,1,0.9562294
9613,0,1.6029832,0,0.20774493
9614,0,1.9025422,0,0
9615,1,2.5995896,1,0
9616,0,2.0765073,0,0.29591697
9617,0,2.1609826,0,0.59392506
9618,1,2.1823168,1,1.802846
9619,1,1.9757057,1,2.931431
9620,1,2.035548,1,1.9207166
9621,1,2.900812,0,0.23345412
9622,1,2.336796,1,0.60645574
9623,0,1.5117894,0,1.3277901
9624,1,2.6859176,1,0.12683931
9625,1,2.575482,1,0
9626,0,1.8361377,0,0.6449377
9627,0,1.8578717,0,0.059012737
9628,0,1.944672,0,0.8741055
9629,0,2.108898,0,0.769973
9630,1,2.8342469,1,0.005877652
9631,0,2.0137806,1,0.30064553
9632,1,2.6715777,0,0
9633,0,1.9781429,0,0.63091916
9634,1,2.1414561,0,0.024930937
9635,1,1.9264618,0,0.027362777
9636,1,1.7845129,1,0
9637,0,2.0565796,1,0
9638,1,2.2429378,1,0.29935798
9639,1,2.3222718,1,2.1164033
9640,0,2.1617968,0,0.981243
9641,1,2.32133,1,2.2348328
9642,1,2.4348407,1,2.2108688
9643,1,1.723434,1,0.1117639
9644,1,2.024141,1,2.041067
9645,1,1.9229033,0,0.9440474
9646,0,1.3963802,0,0
9647,0,1.5415273,0,0.49594405
9648,1,2.3539696,1,0.007419986
9649,1,2.1122265,1,0.60212916
9650,1,2.2792919,1,0.10817828
9651,1,2.197822,1,0
9652,1,2.2693617,1,0.03568261
9653,1,1.8436464,1,0.49658814
9654,0,2.0192604,0,0.041491117
9655,0,1.1528623,1,0.42838576
9656,1,2.5195658,1,0.3623832
9657,1,2.1950445,1,0
9658,0,2.478829,1,0.36129653
9659,0,1.6325837,0,0
9660,1,2.4213557,0,0.18432277
9661,1,1.9895747,1,0
9662,1,2.5235355,1,0.6142335
9663,1,1.5396944,0,0.06392847
9664,1,2.2018006,1,2.8822942
9665,1,2.3544645,0,0.07215019
9666,1,2.4899838,1,0.004734864
9667,0,1.7287991,0,0.16140124
9668,1,2.501783,1,2.272781
9669,0,1.5435834,1,0.13984571
9670,0,2.037614,0,0
9671,1,2.005789,1,0.62083566
9672,1,2.5282474,1,0.21657324
9673,1,2.2413762,0,0.11020411
9674,0,1.8140101,1,0.2877189
9675,1,2.386571,1,0
9676,1,2.5331936,0,0
9677,1,2.5701106,0,2.0129414
9678,0,2.6042356,0,0.00471696
9679,1,2.0807972,1,0.31648898
9680,0,1.9127887,1,0.18689097
9681,1,1.928909,1,2.4465942
9682,1,2.655215,0,0.06989504
9683,1,2.0014644,0,0.07205006
9684,0,1.6310976,0,0.049686525
9685,1,2.3632286,1,0
9686,0,1.9091216,0,0.948467
9687,1,2.4971159,1,0
9688,1,1.9109007,1,2.4708033
9689,1,2.5112245,1,2.1574364
9690,1,2.1402953,1,0.23375067
9691,0,1.9891895,1,0.05427496
9692,1,2.5126104,1,2.619401
9693,0,2.0035193,0,0.19522315
9694,1,1.9865773,1,2.5663462
9695,0,2.4746351,1,0.035595484
9696,1,1.9151218,0,0.8998943
9697,0,1.9399732,1,0.38412082
9698,1,2.294431,0,0.8118211
9699,0,1.8384439,0,0.19430014
9700,1,2.0851474,1,0.35587275
9701,1,2.3234942,1,0.19009897
9702,0,2.0526376,0,0.11797792
9703,1,2.4503505,0,1.1088952
9704,1,2.4361901,1,0
9705,1,2.4912632,0,0
9706,0,2.3428884,0,0
9707,0,1.7973802,0,0
9708,0,1.545179,1,0.16313232
9709,0,2.4767597,1,0.08462309
9710,0,2.3325715,0,0
9711,1,2.3647187,1,0.8679887
9712,0,2.557069,0,0
9713,1,2.3168466,1,0.011821621
9714,0,1.3121336,0,0
9715,1,2.1301725,1,0.17197844
9716,0,2.060133,1,0.14393535
9717,1,2.1280422,1,0.28122663
9718,1,1.9147124,1,2.6998296
9719,0,2.3208997,0,0.027760213
9720,1,2.1723268,1,2.0927463
9721,1,2.9472108,1,0
9722,1,1.4823067,0,0
9723,1,2.1487842,1,1.0598112
9724,1,2.7898836,1,0
9725,1,2.8078892,1,0.1374105
9726,1,2.3652406,0,1.1812842
9727,1,2.186363,1,0.040741097
9728,0,2.2130067,1,0.12751648
9729,1,2.3172722,1,2.0036843
9730,0,2.3588824,0,0.04022413
9731,0,2.0109406,1,0.0707668
9732,1,2.3034806,0,0.0112722
9733,1,1.9908302,0,0.021583924
9734,1,1.8834362,1,0.10167459
9735,1,1.9858888,1,0
9736,1,2.3803666,1,2.1276555
9737,0,2.0173552,0,0
9738,1,2.8435175,1,0.07070074
9739,0,1.5425156,1,0.008417451
9740,1,1.9900271,0,1.1297958
9741,0,2.1338992,0,0.68230575
9742,0,2.2573204,0,0
9743,1,2.2756593,1,0.1336321
9744,0,2.2716787,0,0.2063785
9745,0,1.908145,0,0.7358362
9746,0,2.262409,1,0
9747,1,2.5986328,1,1.8790549
9748,0,2.2766426,1,0.16433533
9749,1,2.2866058,0,2.3186955
9750,1,2.2419121,1,0.3752466
9751,0,1.916668,0,1.3749772
9752,1,1.9374083,1,0.7776453
9753,1,2.022747,0,1.5851897
9754,0,2.4639087,0,0.009839677
9755,0,2.0902085,1,0.022399304
9756,1,2.0986125,0,1.3596343
9757,0,1.8971921,0,0.06476552
9758,1,1.7234148,1,1.4658351
9759,1,2.5155423,0,0.15814221
9760,0,2.3614836,0,0
9761,0,1.9958161,0,2.0309463
9762,0,1.3855101,0,0.22697628
9763,0,2.1235754,0,0.006107804
9764,1,2.3678846,0,0.06944734
9765,0,2.0435483,0,0.67373735
9766,1,2.3700864,1,2.3633533
9767,0,1.8069078,1,0.52038044
9768,0,2.0275753,1,0
9769,0,1.5977471,0,0.858872
9770,1,2.2234287,1,0
9771,1,2.7603726,0,0.3004772
9772,1,2.4414382,1,0.022630518
9773,1,2.3011703,1,1.9268141
9774,0,1.6296154,0,0
9775,0,2.0650146,0,0
9776,1,2.4522243,1,1.8758181
9777,0,1.7770596,1,1.0715135
9778,1,2.2443168,1,0.05468396
9779,1,2.2135012,1,0.19495188
9780,0,1.4523283,1,0
9781,0,1.996748,0,0
9782,1,2.6225057,1,0.3108127
9783,1,2.506305,1,0
9784,0,2.3661544,0,0.77120394
9785,0,1.7105485,0,0.58701545
9786,1,2.6361625,0,0.16688526
9787,0,2.1340024,0,0.0915701
9788,1,2.0722754,1,0.36416158
9789,1,2.2938352,1,0.9344185
9790,1,2.4513066,0,0.17584586
9791,1,2.028451,0,0.44430938
9792,0,1.5214933,1,0
9793,1,1.7270899,0,2.2083497
9794,1,2.1436377,1,0
9795,1,2.8133032,1,0
9796,1,2.7385955,1,0.14855257
9797,0,1.612627,0,0.8147275
9798,0,2.0163438,0,0
9799,1,2.6966453,1,0.36934692
9800,1,2.3831048,0,0.36575815
9801,1,1.7997702,0,1.1626003
9802,1,2.396508,0,0.044443425
9803,1,2.3238862,1,0.21452492
9804,1,2.3059309,1,0.14738001
9805,0,2.0964885,0,0
9806,1,2.2726715,0,0
9807,1,2.3136206,0,0
9808,0,2.3144062,0,0
9809,1,2.2365925,0,0
9810,1,2.255424,0,0.13015394
9811,1,2.0691655,1,0.70125574
9812,1,2.4343455,1,0.13008009
9813,1,2.7466967,1,0.98313296
9814,1,1.5697899,1,0
9815,1,2.7921386,1,0.24458502
9816,0,2.3068082,0,0
9817,0,1.3399004,0,0
9818,0,2.1335413,1,0.038520876
9819,0,1.470802,1,0.61211723
9820,0,2.4609172,0,0
9821,1,2.827003,1,0.1332145
9822,0,1.4214823,1,0
9823,0,2.4697793,0,0.007137408
9824,0,2.3624313,0,0
9825,1,2.4961894,0,0.30512694
9826,1,2.095355,0,0.009204754
9827,1,2.0018597,0,0.49268553
9828,1,1.8061814,1,0.43554804
9829,1,2.3276339,0,0.046089176
9830,1,2.107582,1,0.27092087
9831,0,1.8825774,0,2.1562636
9832,1,2.3157697,1,0.3003353
9833,1,2.2387455,1,0.16108108
9834,0,2.203563,0,0
9835,1,2.9613168,1,0.5662149
9836,1,2.389717,1,0
9837,1,2.09967,0,1.2162403
9838,1,2.826155,0,0.008934804
9839,0,1.4815091,0,0.5461458
9840,1,1.7324066,0,3.0335207
9841,0,1.3782461,1,0
9842,0,2.12278,0,0.8944183
9843,1,2.459623,0,1.0382861
9844,1,1.933539,1,1.2463521
9845,1,2.0201113,0,0.07848609
9846,0,2.4814138,0,0.36869273
9847,1,2.2759595,1,0.22926652
9848,1,2.6815002,1,0.12306289
9849,1,2.3124423,1,1.8701109
9850,1,2.7564044,0,0.43981716
9851,1,2.0929067,0,0.81637686
9852,0,1.9651729,1,1.4185088
9853,1,1.9635595,1,0.3484087
9854,1,2.4322233,0,0.45435828
9855,0,1.4049779,0,0.11507745
9856,0,2.264893,0,0.10303464
9857,1,2.8699925,1,1.4577824
9858,0,1.8648655,0,0.124833964
9859,1,2.1890864,1,1.3182766
9860,1,2.4087725,1,0
9861,1,1.9394286,0,1.803939
9862,1,2.210911,1,0.2152866
9863,0,1.9913896,1,0.02311
9864,1,2.3109272,1,0.16136424
9865,0,1.7054445,1,0
9866,1,2.3992872,0,0
9867,1,2.1010783,0,0.66350466
9868,1,2.566486,1,0.32694682
9869,0,2.3122342,1,0
9870,1,2.5007808,1,0.4553107
9871,1,2.0038624,1,2.1541805
9872,1,1.837662,0,0.78229
9873,1,1.5519346,1,0
9874,1,1.9940652,1,2.914896
9875,0,2.2097268,0,0
9876,1,2.12461,0,0.33508915
9877,1,2.2682934,1,2.227728
9878,0,2.0555165,1,0
9879,1,2.544557,1,0.032862604
9880,0,2.3555768,0,0.047996823
9881,1,2.535252,0,0.5050991
9882,1,2.414019,1,1.7013952
9883,1,1.9955384,1,0.1509955
9884,0,1.7097334,1,0
9885,0,2.0186522,1,0.01717469
9886,1,2.8792155,1,1.091349
9887,0,1.9723047,0,0.36979127
9888,1,2.206951,1,1.1779906
9889,0,2.1389253,0,0.07417835
9890,1,2.7933779,1,0.24567
9891,1,2.106557,1,0.12834263
9892,0,1.6371703,0,1.2278546
9893,0,1.490043,0,0.03753624
9894,1,2.418334,1,1.0767156
9895,0,1.9332675,1,1.34894
9896,1,2.2722547,1,0
9897,1,2.349137,0,2.3547306
9898,0,1.7858764,0,0.9418315
9899,1,2.1067398,0,3.0640292
9900,1,2.2831955,1,0.6177711
9901,0,1.7819241,0,0.47933802
9902,0,1.6290377,1,0.05558955
9903,0,1.7857021,0,0.5568331
9904,1,1.8768369,1,0.03933646
9905,1,2.5316107,1,1.6546861
9906,0,2.1513782,0,1.5914557
9907,1,2.3752234,1,0.13022728
9908,0,2.042624,0,0
9909,1,2.6341712,1,0
9910,1,2.9116812,1,0.4908995
9911,1,1.8948878,1,0.42540222
9912,1,2.0505059,0,2.2589593
9913,1,2.3875976,1,0.18146649
9914,1,2.2523603,0,0
9915,1,2.0235522,0,2.386712
9916,1,2.0989668,0,0.31124
9917,1,2.1215785,1,0.3257092
9918,0,1.9474732,0,0
9919,0,2.2495093,1,0.26805747
9920,1,2.5416362,1,0
9921,1,2.1934564,1,2.0047257
9922,1,2.2459977,1,0.013782616
9923,1,2.00219,1,0.20310885
9924,0,1.8492913,0,0.8682066
9925,0,1.6542777,0,1.0787318
9926,1,2.3935444,1,1.3577994
9927,1,2.5919454,1,0.31998283
9928,0,2.2401984,0,0
9929,1,1.9211835,0,1.8402418
9930,0,2.1544888,0,0.3402989
9931,1,2.5668283,1,0
9932,0,2.4843347,1,1.3419298
9933,0,2.316655,1,0
9934,0,1.8356982,1,0
9935,1,2.225606,0,1.9618636
9936,0,1.3594233,1,0.7038477
9937,0,2.1069295,1,0
9938,0,1.8842541,0,0
9939,1,2.5521028,1,0.15521637
9940,1,1.8355752,1,3.7037706
9941,1,2.3963623,0,0.89260256
9942,1,2.424041,1,1.5626894
9943,1,2.5114706,1,0.11141039
9944,1,1.8983206,1,0.0858285
9945,0,2.1871855,0,0
9946,1,2.4352717,1,0.8748278
9947,1,1.931012,0,0.09278344
9948,1,1.8691645,1,0.75290877
9949,0,2.1187336,1,0
9950,1,2.4153895,0,1.6094732
9951,1,2.258632,0,0.022563843
9952,0,1.6256047,0,0
9953,0,1.6145595,0,0.122823685
9954,1,2.3709676,1,0
9955,1,2.090425,1,2.9046378
9956,0,1.9205295,0,0.000790195
9957,0,1.8053014,0,0.08637183
9958,1,2.4613492,1,1.0370272
9959,1,2.0960732,1,0.048742656
9960,1,2.0375443,1,0.74831223
9961,1,2.0123363,1,0
9962,0,1.6705598,0,1.7458493
9963,0,1.9050927,0,0.064493194
9964,0,2.3859198,0,0
9965,1,2.3391116,1,0.056418587
9966,0,2.1435022,0,0.054631185
9967,0,1.9343122,1,0.74708813
9968,0,1.7854452,1,0.09609506
9969,1,2.581573,1,0.005380177
9970,0,2.152992,0,0
9971,0,2.1300871,1,0
9972,1,1.9886464,1,2.575695
9973,0,1.657497,1,0.698031
9974,1,2.534795,0,0.2938815
9975,1,2.161268,0,0.015915377
9976,0,2.0765762,1,0.10515768
9977,0,2.290403,1,0
9978,0,1.3062848,1,0.07838882
9979,0,2.1529665,0,0
9980,1,2.7361906,0,1.428753
9981,0,2.6027598,0,0
9982,1,2.3747885,0,0
9983,1,1.5899937,0,1.732951
9984,0,1.7686429,0,1.5792118
9985,1,2.733257,1,0.25118527
9986,0,2.3774285,1,0.050128676
9987,1,1.911478,0,0.4664486
9988,0,1.7087501,1,0.054710764
9989,0,1.5792152,0,0.6628767
9990,0,1.9868937,0,0
9991,0,1.782911,1,0
9992,1,2.1429732,1,0.6349581
9993,1,2.685794,1,0.024665585
9994,1,2.53413,1,0
9995,1,2.0599804,0,0.72004986
9996,1,1.6386465,0,2.3871021
9997,1,2.5710573,1,0.25171483
9998,1,1.494183,0,1.296572
9999,0,1.9331388,0,0.03251292
10000,1,2.556699,1,0.5151761